id;en;de;ru
;;;
1_START_GAME;START GAME;SPIEL STARTEN;НАЧАТЬ ИГРУ
1_TOP_SCORES;TOP SCORES;BESTENLISTE;РЕКОРДЫ
1_OPTIONS;OPTIONS;OPTIONEN;НАСТРОЙКИ
1_INFORMATION;INFORMATION;INFORMATION;ИНФОРМАЦИЯ
1_CREDITS;CREDITS;DANKSAGUNGEN;АВТОРЫ
1_QUIT;QUIT;ENDE;ВЫХОД
1_YES;YES;JA;ДА
1_NO;NO;NEIN;НЕТ
1_ERROR;ERROR;FEHLER;ОШИБКА
1_CLOSE;CLOSE;SCHLIESSEN;ЗАКРЫТЬ
1_DELETE;DELETE;LÖSCHEN;УДАЛИТЬ
1_REPAIR;REPAIR;REPARIEREN;РЕМОНТ
1_OK;OK;OK;ОК
1_On;On;An;Вкл
1_Off;Off;Aus;Выкл
1_Decrease;Decrease;Verringern;Уменьшить
1_Increase;Increase;Erhöhen;Увеличить
1_Video_&_Audio;Video & Audio;Video & Audio;Видео и Аудио
1_Config_Controls;Config Controls;Tastenbelegung;Управление
1_Interface;Interface;Ausblick;Интерфейс
1_Advanced;Advanced;Erweitert;Специальные
1_MAIN_MENU;MAIN MENU;HAUPTMENÜ;ОСНОВНОЕ МЕНЮ
1_MISSIONS_LIST;MISSIONS LIST;MISSIONEN LISTE;СПИСОК МИССИЙ
1_DONATE;DONATE;SPENDEN;ПОДДЕРЖАТЬ
1_ORDER_NOW;ORDER NOW;JETZT BESTELLEN;КУПИТЬ СЕЙЧАС
1_Arcade;Arcade;Spielhalle;Аркада
1_Sim;Sim;Simulation;Симулятор
1_BACK;BACK;ZURÜCK;НАЗАД
1_Prev;Prev;Vorh;Пред
1_Next;Next;Näch;След
1_APPLY;APPLY;ANWENDEN;ПРИНЯТЬ
1_Create;Create;Anlegen;Создать
1_Difficulty;Difficulty;Schwierigkeit;Сложность
1_Delete;Delete;Löschen;Удалить
1_NEXT;NEXT;WEITER;ДАЛЕЕ
1_Shipyard;Shipyard;Schiffwerft;Верфь
1_Workshop;Workshop;Werkstatt;Мастерская
1_Weaponry;Weaponry;Bewaffnung;Оружейная
1_START;START;START;СТАРТ
1_Info;Info;Info;Инфо
1_Buy_Ship;Buy Ship;Schiff Kaufen;Купить
1_Repair_Hull;Repair Hull;Hülle Reparieren;Ремонт
1_Upgrade_Hull;Upgrade Hull;Hülle Aufwerten;Апгрейд
1_Reload;Reload;Laden;Перезарядить
1_Reload_All;Reload All;Laden Alle;Перезарядить Все
1_Close;Close;Schliessen;Закрыть
1_Buy;Buy;Kaufen;Купить
1_Sell;Sell;Verkaufen;Продать
1_RESTART;RESTART;NEUSTART;РЕСТАРТ
1_RESUME;RESUME;FORTFAHREN;ПРОДОЛЖИТЬ
1_GAME_MENU;GAME MENU;SPIEL MENÜ;МЕНЮ ИГРЫ
1_Unimplemented;Unimplemented;Nicht verwendet;Не установлено
1_Left;Left;Links;Влево
1_Right;Right;Rechts;Вправо
1_Mission_Complete;Mission Complete;Mission Beendet;Миссия Завершена
1_Page_Up;Page Up;Seite Rauf;Предыдущая
1_Page_Down;Page Down;Seite Runter;Следующая
1_Duplicate;Duplicate;Duplikat;Копия
1_Change_Profile;Change Profile;Ändern Profil;Изменить Профиль
;;;
;;;
2_quit_line1;Are you sure you want to quit?;Wollen Sie wirklich aufhören?;Вы уверены, что хотите завершить игру?
2_quit_line2;Note: all game data will be saved.;ACHTUNG: Spieldaten werden gesichert.;Текущие настройки будут сохранены.
2_quit_line3;Note: the current game data will be lost.;ACHTUNG: Spieldaten gehen verloren.;Игровое состояние будет потеряно.
;;;
2_ccprof_line1;Cannot create a Pilot Profile.;Pilot Profil kann nicht angelegt werden.;Невозможно создать Профиль Пилота.
2_ccprof_line2;Tip: you should clear one line first.;Tipp: Lösche zuerst einen anderen.;Удалите один уже имеющийся Профиль.
;;;
2_delprof_line1;Are you sure you want to delete the Profile?;Sind Sie sicher, das Sie das Profil löschen wollen?;Вы действительно хотите удалить запись?
2_delprof_line2;Note: all Pilot Profile data will be lost.;Hinweis: Alle Daten des Piloten werden gelöscht.;Все данные Профиля будут потеряны.
;;;
2_cnrepair_line1;Not enough money for the full hull repair.;Zuwenig Geld für komplette Instandsetzung.;Полный ремонт корабля невозможен.
2_cnrepair_line2;Note: Repair has been limited by money.;Hinweis:Hülle wurde nur teilw. repariert.;Ремонт будет ограничен деньгами.
;;;
2_restart_line1;Are you sure you want to restart the game?;Wollen Sie das Spiel wirklich neu starten?;Вы действительно хотите переиграть?
2_restart_line2;Note: the current game data will be lost.;Hinweis: Der aktuelle Spielstand geht verloren.;Текущие данные миссии будут потеряны.
;;;
;;;
3_Joystick_DeadZone;Joystick DeadZone;Joystick Neutralzone;Мертвая зона джойстика
3_Control_Sensitivity;Control Sensitivity;Empfindlichkeitskontrolle;Чувствительность
3_MOUSE;MOUSE;MAUS;МЫШКА
3_KEYBOARD;KEYBOARD;TASTATUR;КЛАВИАТУРА
3_JOYSTICK;JOYSTICK;JOYSTICK;ДЖОЙСТИК
3_Primary_Attack;Primary Attack;Primärer Angriff;Первичный Огонь
3_Secondary_Attack;Secondary Attack;Sekundärer Angriff;Вторичный Огонь
3_Move_Forward;Move Forward;Vorwärts Bewegen;Движение Вперед
3_Move_Backward;Move Backward;Rückwärts Bewegen;Движение Назад
3_Move_Left;Move Left;Links Bewegen;Движение Влево
3_Move_Right;Move Right;Rechts Bewegen;Движение Вправо
3_Enemy_Weapon_Penalty;Enemy Weapon Penalty;Feindlicher Waffenabzug;Штраф Оружия Врага
3_None;None;Nichts;Нет
3_Enemy_Armor_Penalty;Enemy Armor Penalty;Feindlicher Panzerungsabzug;Штраф Защиты Врага
3_Enemy_Targeting_Penalty;Enemy Targeting Penalty;Feindlicher Zielvermögen Abzug;Штраф Наведения Врага
3_Limited_Ammo;Limited Ammo;Begrenzte Munition;Ограниченный Боекомплект
3_Destroyable_Weapon;Destroyable Weapon;Zerstörbare Waffen;Уничтожаемое Оружие
3_SpaceShip_Control_Mode;SpaceShip Control Mode;Raumschiff Steuerungsmodus;Режим Управления Кораблем
3_Weapon_Targeting_Mode;Weapon Targeting Mode;Waffen Zielmodus;Режим Наведения Оружия
3_Not_implemented;Not implemented;Nicht verfügbar;Не задействован
3_Screen_Mode;Screen Mode;Bildschirm Modus;Режим Экрана
3_Window_Size;Window Size;Fenstergröße;Размер Окна
3_Bilinear;Bilinear;Bilinear;Билинейный
3_Trilinear;Trilinear;Trilinear;Трилинейный
3_Low;Low;Gering;Низкое
3_Medium;Medium;Mittel;Среднее
3_High;High;Hoch;Высокое
3_Disabled;Disabled;Ausgeschaltet;Отключено
3_1_Layer;1 Layer;1 Layer;1 Слой
3_2_Layers;2 Layers;2 Layer;2 Слоя
3_3_Layers;3 Layers;3 Layer;3 Слоя
;;;
3_Menu_Language;Menu Language;Menü-Sprache;Язык Меню
3_Keyboard_Layout;Keyboard Layout;Tastatur Layout;Раскладка клавиатуры
3_Voice_Language;Voice Language;Stimme Sprache;Голос в Игре
3_Language;Language;Sprache;Язык
3_Menu_Font;Menu Font;Menü-Schriftart;Шрифт Меню
3_Tipsandhints_Status;'Tips and hints' Status;'Tipps und Tricks' Stand;Окна 'Советы и подсказки'
3_Reset;Reset;Reset;Сброс
3_FPS_Сounter;FPS Сounter;FPS Zähler;FPS Счетчик
3_Weapon_Panels_View;Weapon Panels View;Ansicht der Waffentafeln;Вид Панелей Оружия
3_Full;Full;Voll;Полный
3_Flat;Flat;Flach;Плоский
3_Slim;Slim;Gering;Тонкий
3_Empty_Weapon_Slot;Empty Weapon Slot;Waffe Leerer Schacht;Пустой Oружейный Cлот
3_EMPTY;EMPTY;LEER;ПУСТОЙ
3_Level;level;schacht;уровень
3_Visual_Effects_Quality;Visual Effects Quality;Visuelle Effekte Qualität;Качество Визуальных Эффектов
3_Shadow_Quality;Shadow Quality;Schatten Qualität;Качество Теней
3_VSync;Sync to VBlank;Synchronisierung auf VBlank;Вертикальная Синхронизация
;;;
;;;
3_Music_Volume;Music Volume;Musiklautstärke;Громкость Музыки
3_Not_available;Not available;Nicht verfügbar;Недоступно
3_Sound_Effects_Volume;Sound Effects Volume;Soundeffektlautstärke;Громкость Эффектов
3_Voice_Volume;Voice Volume;Stimmelautstärke;Громкость Голоса
3_Full_Screen;Full Screen;Ganzer Bildschirm;Полный Экран
3_Refresh_Rate;Refresh Rate;Refresh Rate;Частота Обновления
3_Default;Default;Default;По умолчанию
3_Brightness;Brightness;Helligkeit;Яркость
3_Texture_Filtering_Mode;Texture Filtering Mode;Texture Filter Modus;Режим Вывода Текстуры
3_Textures_Quality;Textures Quality;Texture Qualität;Качество Текстур
3_Multisample_Antialiasing;Multisample Antialiasing;Multisample Antialiasing;Сглаживание
3_NAME;NAME;NAME;ИМЯ
3_SCORE;SCORE;Punkte;СЧЕТ
3_GAME_OBJECTS_INFORMATION;GAME OBJECTS INFORMATION;Informationen zum Spielziel;ИНФОРМАЦИЯ ОБ ОБЪЕКТАХ
3_Page_%i_of_%i;Page %i of %i;Seite %i von %i;Страница %i из %i
3_New_Pilot_Profile;New Pilot Profile;Neues Piloten Profile;Новый Профиль Пилота
3_Pilot_Profile;Pilot Profile;Pilot Profil;Профиль Пилота
3_Pilots_Profiles;Pilots Profiles;Piloten Profile;Профили Пилотов
3_Money;Money;Geld;Деньги
3_Experience;Exp;Erfahrung;Опыт
3_Difficulty;Difficulty;Schwierigkeit;Сложность
3_empty;empty;Leer;пусто
3_Current_Profile_Difficulty;Current Profile Difficulty;Profilschwierigkeit;Сложность Профиля
3_Weapon_Fire_Control:;Weapon Fire Control:;Waffenfeuerkontrolle:;Основное Управление:
3_Alternative_Fire_Control:;Alternative Fire Control:;Alternative Feuerkontrolle:;Вспомогательное:
3_Weapon_Angle:_%2.1f;Weapon Angle: %2.1f;Waffenwinkel: %2.1f;Угол Поворота: %2.1f
3_Type;Type;Typ;Тип
3_Killed;Killed;Vernichtet;Убито
3_Bonus;Bonus;Bonus;Бонус
3_Total;Total;Total;Всего
3_Textures_Compression;Textures Compression;Texturen Kompression;Компрессия Текстур
3_Mipmap_LOD_Management;Mipmap LOD Management;Mipmap LOD Verwaltung;Управление Мипмеп ЛОД
3_OpenGL_Shading_Language;OpenGL Shading Language;OpenGL  Schattierungssprache;OpenGL шейдеры (GLSL)
3_Point_Lights_per_Object;Point Lights per Object;Anzahl Lichter pro  Objekt;Кол-во Источников Света
3_1_Light;1 Light;1 Licht;1 источник
3_2_Lights;2 Lights;2 Lichter;2 источника
3_3_Lights;3 Lights;3 Lichter;3 источника
3_4_Lights;4 Lights;4 Lichter;4 источника
3_5_Lights;5 Lights;5 Lichter;5 источников
3_6_Lights;6 Lights;6 Lichter;6 источников
3_Anisotropy_Level;Anisotropy Level;Anisotropie Level;Уровень Анизотропии
3_Aspect_Ration;Aspect Ratio;Aspekt Ratio;Отношение Сторон
3_Standard;Standard;Standard;Стандарт
3_Widescreen;Widescreen;Widescreen;Широкоформат
;;;
;;;
4_Earth_Spaceships;Earth Spaceships;Erdraumschiffe;Корабли
4_Space_Mines;Space Mines;Raumminen;Мины
4_Space_Mine;Space Mine;Raummine;Космическая Мина
4_Auto_Cannon:;Auto Cannon:;Autokannone:;Авто Пушка:
4_Auto_Launcher:;Auto Launcher:;Autoraketenwerfer:;Авто Ракетомет:
4_Weapon;Weapon;Waffe;Оружие
4_Weapons;Weapons;Waffen;Оружие
4_Weapons_Slots:;Weapons Slots:;Waffenschächte:;Оружейных Слотов:
4_Alien_Spaceships;Alien Spaceships;Außerirdische;Пришельцы
4_Alien_Motherships;Alien Motherships;Mutterschiffe;Носители
4_Pirate_Spaceships;Pirate Spaceships;Piraten;Пираты
4_Pirate_Vehicles;Pirate Vehicles;Piratenfahrzeuge;Транспорт Пиратов
4_Pirate_Buildings;Pirate Buildings;Piratenbauten;Постройки Пиратов
4_Asteroids;Asteroids;Asteroiden;Астероиды
4_Civilian_Buildings;Civilian Buildings;Zivile Bauten;Здания
4_Military_Buildings;Military Buildings;Militärbauten;Турели
4_Wheeled_Vehicles;Wheeled Vehicles;RadFahrzeuge;Автомобили
4_Tracked_Vehicles;Tracked Vehicles;Kettenfahrzeuge;Танки
4_Wheeled_Vehicle;Wheeled Vehicle;RadFahrzeuge;Автомобиль
4_Tracked_Vehicle;Tracked Vehicle;Kettenfahrzeuge;Танк
4_Object_Class:;Object Class:;Objektklasse:;Класс:
4_Space_Ship;Space Ship;Raumschiff;Корабль
4_Ship_Type:;Ship Type:;Schiffstyp:;Тип Корабля:
4_Developer:;Developer:;Entwickler:;Разработчик:
4_Earth_Federation;Earth Federation;Erdförderation;Федерация
4_Status:;Status:;Status:;Статус:
4_Armor:;Armor:;Panzerung:;Защита:
4_Indestructible;Indestructible;Unzerstörbar;Неразрушимый
4_Upgrade_Mk2:;Upgrade Mk2:;Stufe Mk2:;Апгрейд Mk2:
4_Upgrade_Mk3:;Upgrade Mk3:;Stufe Mk3:;Апгрейд Mk3:
4_Upgrade_Mk4:;Upgrade Mk4:;Stufe Mk4:;Апгрейд Mk4:
4_Slots_Levels:;Slots Levels:;Schachtlevel:;Уровни слотов:
4_Codename:;Codename:;Codename:;Кодовое Имя:
4_Width:;Width:;Breite:;Ширина:
4_Length:;Length:;Länge:;Длина:
4_Height:;Height:;Höhe:;Высота:
4_Engines:;Engines:;Antriebe:;Двигатели:
4_Ally;Ally;Allierte;Союзник
4_Fighter;Fighter;Jäger;Истребитель
4_Interceptor;Interceptor;Abfangjäger;Перехватчик
4_Bomber;Bomber;Bomber;Бомбардировщик
4_Scout;Scout;Aufklärer;Разведчик
4_Attack_Ship;Attack Ship;Angriffsschiff;Штурмовик
4_Weapon,_Cannon;Weapon, Cannon;Waffe, Kanone;Пушка
4_Weapon,_Launcher;Weapon, Launcher;Waffe, Raketenwerfer;Установка
4_Type:;Type:;Typ:;Тип:
4_Damage,_Hull:;Damage, Hull:;Hüllenschaden:;Урон, Корпус:
4_Damage,_Systems:;Damage, Systems:;Systemschaden:;Урон, Системы:
4_Energy_Use:;Energy Use:;Energieverbrauch:;Расход Энергии:
4_Ammo:;Ammo:;Munition:;Боекомплект:
4_Reload:;Reload:;Auffüllen:;Перезарядка:
4_Range:;Range:;Reichweite:;Дальность:
4_Kinetic;Kinetic;Kinetisch;Кинетика
4_Ion;Ion;Ionen;Ион
4_Plasma;Plasma;Plasma;Плазма
4_Maser;Maser;Maser;Мазер
4_Antimatter;Antimatter;Antimaterie;Тахион
4_Laser;Laser;Laser;Лазер
4_Gauss;Gauss;Gauss;Гаусс
4_Propelled;Propelled;Angetrieben;Ракета
4_Unknown;Unknown;Unbekannt;Неизвестно
4_Enemy;Enemy;Feind;Враг
4_Damage:;Damage:;Schaden:;Урон:
4_MotherShip;MotherShip;Mutterschiff;Носитель
4_Pirate_Ship;Pirate Ship;Piraten;Корабль Пиратов
4_Pirates;Pirates;Piraten;Пираты
4_Marauder;Marauder;Plünderer;Мародер
4_Warder;Warder;Wächter;Страж
4_Raider;Raider;Gangster;Рейдер
4_Carrier;Carrier;Träger;Транспорт
4_Missile_Carrier;Missile Carrier;Lenkwaffenträger;Ракетный Транспорт
4_Freighter;Freighter;Frachter;Фрахтовщик
4_Battle_Freighter;Battle Freighter;Schlachtfrachter;Боевой Фрахтовщик
4_Civilian_Building;Civilian Building;Zivilgebäude;Здание
4_Old_Republic;Old Republic;Alte Repuplik;Старая Республика
4_Military_Building;Military Building;Militärgebäude;Турель
4_Cannon;Cannon;Kanone;Пушка
4_MachineGun;MachineGun;Maschinengewehr;Пулемет
4_Turbo_Cannon;Turbo Cannon;Turbo Kanone;Турбо Пушка
4_Missile_Launcher;Missile Launcher;Lenkwaffenträger;Ракетная Установка
4_Cannon_Turret;Cannon Turret;Kanonenturm;Турель с Пушкой
4_Armored_Jeep;Armored Jeep;Gepanzerter Jeep;Бронированный Джип
4_Jeep;Jeep;Jeep;Джип
4_APC;APC;BAT;БТР
4_Tank;Tank;Panzer;Танк
4_Engineer;Engineer;Ingenieur;Трактор
4_Not_combatant;Not combatant;Kein Gegner;Не боеспособен
4_System;System;System;Система
4_Spaceship_Engine;Spaceship Engine;Raumschiffantrieb;Двигатель
4_Ion_Resistance:;Ion Resistance:;Ionenresistenz:;Ионная Защита:
4_Engine_Power:;Engine Power:;Antriebsenergie:;Мощность:
4_Acceleration:;Acceleration:;Beschleunigung:;Ускорение:
4_Relations/Dependences:;Relations/Dependences:;Beziehungen/Abhängigkeiten:;Зависимы/Зависят:
4_SpaceShip_Weight;SpaceShip Weight;Raumschiffgewicht;Вес Корабля
4_Power_Source;Power Source;Energiequelle;Источник Энергии
4_ArcadeModeLine1;Useless with Arcade;Nutzlos im Arcade Modus;Бесполезно в Аркадном
4_ArcadeModeLine2;SpaceShip Control Mode.;Raumschiffkontrollmodus.;Режиме Управления Кораблем.
4_ArcadeModeLine3;Weapon Targeting Mode.;Waffenzielmodus.;Режиме Наведения Оружия.
4_Energy_Capacity:;Energy Capacity:;Energie Kapazität:;Емкость:
4_Recharge_Rate:;Recharge Rate:;Aufladungsrate:;Перезарядка:
4_Weapon_Recharge_Rate;Weapon Recharge Rate;Waffenaufladungsrate;Скорость Перезарядки
4_Optical_Computer;Optical Computer;Optischer Computer;Компьютер
4_Targeting_System;Targeting System;Zielsystem;Наведение
4_Advanced_System;Advanced System;Hochentwickeltes System;Защита
4_Target_Tracing:;Target Tracing:;Zielverfolgung:;Контроль Целей:
4_Auto_Adjustment:;Auto Adjustment:;Auto Anpassung:;Авто Наведение:
4_No;No;Nein;Нет
4_Yes;Yes;Ja;Да
4_Weapon_Fire_Range;Weapon Fire Range;Waffenreichweite;Дальность Стрельбы
4_Weapon_Orientation;Weapon Orientation;Waffenrichtung;Ориентация Оружия
4_Orientation_Speed:;Orientation Speed:;Ausrichtungsgeschwindigkeit:;Скорость Поворота:
4_Hull_Repair_Rate:;Hull Repair Rate:;Hüllenreparaturrate:;Скорость Ремонта:
4_Resistance,_Hull:;Resistance, Hull:;Hüllenresistenz:;Защита, Корпус:
4_Resistance,_System:;Resistance, System:;Systemresistenz:;Защита, Система:
4_Shield_Power:;Shield Power:;Schild Power:;Мощность Щита:
4_Hull_Resistance;Hull Resistance;Hüllenresistenz;Защита Корпуса
4_Systems_Resistance;Systems Resistance;Systemresistenz;Защита Систем
4_SpaceShip_Vitality;SpaceShip Vitality;Raumschiffdynamik;Живучесть Корабля
4_units;units;Einheiten;юнит
4_units_per_shot;units per shot;Einheiten/Schuss;юнит/выстрел
4_seconds;seconds;Sekunden;секунд
4_units_per_sec;units per sec;Einheiten/sek;юнит в сек
4_object(s);object(s);Objekte(e);объект(ы)
4_deg_per_sec;deg per sec;Grad pro Sek;град в сек
4_per_sec;per sec;pro sek;в секунду
4_units/shot;units/shot;Einheiten/Schuss;юнит/выстрел
4_units/sec;units/sec;Einheiten/Sek;юнит/сек
4_Game_Speed:;Game Speed:;Spielgeschwindigkeit:;Скорость Игры:
4_Missile_Detected;Missile Detected;Rakete erkannt;Обнаружена ракета
4_Collision_Course_Detected;Collision Course Detected;Collision Course Erkannt;Высокая Вероятность Столкновения
;;;
;;;
5_FighterLine1;Fighter is a military spaceship primarily designed to attack other space-;Der Jäger ist ein Raumschiff, welches in erster Linie zum Angriff auf;Истребитель - это военный боевой корабль сконструированный для атаки
5_FighterLine2;ships. Fighters are comparatively fast, maneuverable and equipped with;andere Raumschiffe konstruiert wurde. Jäger sind beweglich und mit;вражеских кораблей. Истребитель относительно быстр и вооружен
5_FighterLine3;primary and secondary weapon systems to attack other spaceships.;Primär- und Sekundärwaffen ausgestattet, um andere Raumschiffe anzugreifen.;первичными и вторичными системами ведения огня.
;;;
5_InterceptorLine1;Interceptor is a type of fighter specifically designed to intercept and;Der Abfangjäger wurde konstruiert um feindliche Raumschiffe;Перехватчик - это специально сконструированные истребители, основной
5_InterceptorLine2;destroy enemy spaceships. Interceptors are very fast, maneuverable and;abzufangen und zu zerstören. Abfangjäger sind sehr schnell und;задачей которых является перехват вражеских целей. Как правило
5_InterceptorLine3;equipped only with primary weapon systems to attack other spaceships.;beweglich und haben nur Primärwaffen an Bord, um die Feinde zu zerstören.;максимально облегчены и не комплектуются тяжелыми орудиями.
;;;
5_BomberLine1;Bomber is a military spaceship specifically designed to carry bombs, torpedoes;Der Bomber wurde konstruiert um Bomben, Torpedos und Raketen zu transportieren.;Бомбардировщик - это модификация истребителя дальнего действия.
5_BomberLine2;and missiles. Bombers are comparatively slow and also equipped with some;Bomber sind ziemlich langsam und haben einige wenige Primärwaffensysteme;Может комплектоваться пусковыми установками для стрельбы ракетами,
5_BomberLine3;primary weapon systems to defend themselves from enemy spaceships.;zur Selbstverteidigung an Bord um die Angriffe von Raumschiffen abzuwehren.;торпедами и бомбами. Весьма уязвим в ближнем бою.
;;;
5_AttackShipLine1;Attack Ship is a type of bomber specifically designed for long-range;Das Angriffsschiff ist ein Bombertyp, der speziell für weit reichende;Штурмовик - это корабль тактической поддержки десанта при штурме.
5_AttackShipLine2;raids in small groups, as opposed to a bomber designed to attack;Raubzüge in kleinen Gruppen entwickelt wurde, im Gegenteil zu den Bombern,;Обладает улучшенной комплектацией системами вооружения. Из-за
5_AttackShipLine3;under air cover provided by fighters.;die Luftschutz durch Jäger benötigen.;плохой маневренности нуждается в сопровождении истребителями.
;;;
5_ScoutLine1;Scout is a spaceship specifically designed to actively gather information;Der Aufklärer ist ein speziell entwickeltes Raumschiff zum sammeln von;Разведчик - это специально сконструированный слабо вооруженный
5_ScoutLine2;about the enemy or other objects by means of physical observation. Scouts;Informationen über den Feind oder die feindlichen Objekte. Aufklärer sind ;корабль. Основная задача Разведчика состоит в быстром сборе
5_ScoutLine3;are very small, fast, and highly maneuverable.;sehr klein, schnell und hoch manöverierfähig.;информации и уничтожении единичных объектов противника.
;;;
5_KineticLine1;Kinetic is a weapon that forcibly throws projectiles at a target. These projec-;Kinetische Waffen schiessen Projektile auf das Ziel. Diese Projektile haben;Кинетика - оружие разгоняющее и выстреливающее снаряд в цель.
5_KineticLine2;tiles are not self-propelled. A projectile is an object usually made of a metal;keinen Antrieb. Sie bestehen meistens aus einer verdichteten Metalllegierung.;Как правило, снарядом выступает свинцовая болванка. Иногда содержит
5_KineticLine3;alloy. In contrast to a missile, a projectile does not contain explosives.;Im Gegensatz zu den Raketen, enthalten die Projektile keine Sprengkörper.;стальной бронебойный сердечник для причинения большего урона.
;;;
5_IonLine1;Ion is a particle-beam weapon employing a dual-particle beam array.;Ionenwaffen sind Strahlwaffen, bestehen aus zwei Partikelströmen. Der innere;Ион - пучок электрически заряженных частиц выступающий в качестве
5_IonLine2;The inner part, or core, is composed of positively charged ions - normally;Teil, oder Kern, besteht aus positiv geladenen Ionen - gewöhnlich Eisennukleide,;снаряда. Способен проникать сквозь корпус корабля вызывая частичные
5_IonLine3;iron nuclei, while the outer part is composed of neutral particles.;während sich der äussere Teil aus neutralen Partikeln zusammen setzt.;или полные разрушения внутренних систем.
;;;
5_PlasmaLine1;Plasma is a weapon that forcibly throws highly ionized matter obtained;Plasmawaffen schleudern enorm hoch ionisierte Materie, die entweder durch;Плазма - в качестве снаряда выступает высоко ионизированный материал
5_PlasmaLine2;either by heating some material to very high temperatures or by bombarding;die Erhitzung von irgendeinem Material auf extrem hohe Temperaturen, oder durch;полученный разогреванием материи до сверх высоких температур.
5_PlasmaLine3;it with a strong flux of high-energy photons.;Bombardierung mit einem starken Strom an Hochenergiephotonen, gewonnen wird.;Совмещает в себе достоинства кинетического и ионного оружия.
;;;
5_MaserLine1;Microwave Amplification by Stimulated Emission of Radiation is a weapon;Maserwaffen, erzeugen kohärente elektromagnetische Wellen im Mikrowellen-;Мазер - Microwave Amplification by Stimulated Emission of Radiation. Поражает
5_MaserLine2;that forcibly throws projectile amplifier that produces coherent;bereich. Die Mikrowellen werden mit enormer Energie gerichtet;направленно испускаемым потоком когерентных микроволн. Обладает
5_MaserLine3;microwaves as the result of stimulated emission.;abgestrahlt. Beim Auftreffen werden damit verherende Wirkungen erzielt.;всеми свойствами лучевого оружия.
;;;
5_AntimatterLine1;Antimatter is a weapon that forcibly throws matter consisting of;Antimateriewaffen senden wie alle Partikelwaffen Teilchenströme aus. Diese;Тахион - пучок нестабильных частиц обладающих скоростью выше скорости
5_AntimatterLine2;antiparticles, elementary particles of ordinary matter, such as protons and;Antipartikel sind aber anders herum geladen, dadurch haben die Protonen und;света. Для увеличения термо-энергетического поражающего воздействия,
5_AntimatterLine3;electrons, but having an opposite electrical charge.;Elektronen eine extrem verherende Wirkung beim Auftreffen auf normale Materie.;скорость частиц снижена до скорости света.
;;;
5_LaserLine1;Light Amplification by Stimulated Emission of Radiation. A high-energy light;Laserwaffen funktionieren durch Lichtverstärkung durch stimulierte Emission.;Лазер - Light Amplification by Stimulated Emission of Radiation. Высоко
5_LaserLine2;source that uses light emitted by the natural vibrations of atoms (in gas;Eine Hochenergie Lichtquelle ist der Ausgangspunkt um beliebige Materialien;энергетический источник света использующий излучения естественных
5_LaserLine3;or solid material) to cut, burn or dissolve materials for various purposes.;mit militärischen Umfeld zu zerschneiden bzw. zu verdampfen zu lassen.;вибраций атомов газообразных или твердых тел.
;;;
5_GaussLine1;Gauss is a weapon that forcibly throws projectiles that operate on;Gauss ist ein Waffensystem, welches subatomare Projektile mit extrem hoher;Гаусс - в качестве снаряда выступает активная материя, оперирующая на
5_GaussLine2;the subatomic level of any matter they are used against by disintegrating;Geschwindigkeit auf das Ziel feuert. Dort kommt es zur sofortigen;субатомном уровне. При попадании в цель дезинтегрирует часть материи
5_GaussLine3;the molecules of the target.;Desintegration der Moleküle.;цели сопоставимую с материей снаряда.
;;;
5_MissileLine1;Missile is a self-propelled explosive projectile moving due to the ejection;Raketen haben einen Antrieb beruhend auf dem Rückstoßprinzip. Der;Ракета - это беспилотный летательный аппарат однократного
5_MissileLine2;of matter, especially the high-velocity ejection of gaseous combustion;Brennstoff erzeugt riesige Mengen an Gasen die mit sehr hoher;запуска, оснащённый крыльями-стабилизаторами, системой наведения
5_MissileLine3;products produced by the internal ignition of solid or liquid fuel.;Geschwindigkeit ausgestossen werden und dadurch das Geschoss antreiben.;и кислородно-реактивным двигателем.
;;;
5_TorpedoLine1;Torpedo is a self-propelled explosive projectile that (after being launched);Torpedos sind angetriebene Projektile, die nach dem Abschuss automatisch;Торпеда - это самодвижущееся оружие (снаряд). Оснащается мощным
5_TorpedoLine2;operates automatically and is designed to detonate on contact or in proximity;gesteuert werden. Sie tragen eine große Menge an Explosivstoffen, die bei;зарядом взрывчатого вещества. Как правило, настроена на детонацию
5_TorpedoLine3;to the target.;Kontakt, oder Annäherung automatisch im Ziel explodieren.;при столкновении с кораблем противника.
;;;
5_NukeBombLine1;Nuke Bomb is a self-propelled explosive nuclear projectile that uses;Atombomben sind angetriebene Nuklearprojektile, die mittels ;Бомба - это самодвижущееся оружие (снаряд). Оснащается мощным
5_NukeBombLine2;nuclear fusion to release energy stored in the nuclei of hydrogen isotopes.;Wasserstofffusion eine heftige Kettenreaktion auslösen. Diese Bombe;ядерным зарядом. Как правило, настроена на детонацию при
5_NukeBombLine3;This bomb is designed to detonate on contact or in proximity to the target.;ist konstruiert, um bei Kontakt oder Annäherung ans Ziel zu explodieren.;столкновении с кораблем противника.
;;;
5_MineLine1;Space Mine is an explosive device, usually some kind of container filled with;Raummine werden üblicherweise in einem Behälter angefüllt mit Sprengstoff ;Космическая Мина - это боеприпас, установленный в космосе и предназна-
5_MineLine2;explosive material, designed to cause destruction when set off. The explosion;geliefert, die nach dem aussetzen scharfgeschaltet werden und üblicherweise ;ченный для поражения кораблей противника, а также для затруднения
5_MineLine3;of the mine has to be triggered, usually by radar, or contact.;auf Radarimpulse oder bei Kontakt explodieren.;их маневрирования.
;;;
5_UnknownLine1;No information about this object. There is a lack of;Hierüber liegen keine weiteren Informationen vor. Wir haben nicht;Информация о данном объекте отсутствует или не доступна.
5_UnknownLine2;knowledge to research this object or obtain any information;genügend Hinweise über den Zweck oder die Arbeitsweise.;Недостаточно информации и знаний чтобы изучить принципы
5_UnknownLine3;about its work.; ;действия и устройства данного объекта.
;;;
5_MarauderLine1;Marauder is a pirate spaceship primarily designed to attack other;Plünderer wurden konstruiert, um andere Raumschiffe anzugreifen. Die ;Мародер - это пиратский класс боевых кораблей, основным назначением
5_MarauderLine2;spaceships. Marauders are very fast, maneuverable and equipped with;Plünderer sind sehr schnell, manöverierbar und mit Primär- und;которого является атака других космических кораблей. Мародер быстр и
5_MarauderLine3;primary and secondary weapon systems to attack other spaceships.;Sekundärwaffensystemen ausgestattet um andere Raumschiffe zu attackieren.;хорошо вооружен.
;;;
5_WarderLine1;Warder is a pirate spaceship specifically designed to be part;Wächter wurden speziell als Teil des Basisverteidigungsystems;Страж - это пиратский класс космических кораблей, созданный как
5_WarderLine2;of the pirate base defense system. Warders are highly armored and well;konstruiert. Wächter sind sehr gut bewaffnet und jederzeit bereit;часть системы обороны пиратских баз. Страж хорошо бронирован и
5_WarderLine3;equipped spaceships always ready for a rapid counterattack.;einen schnellen Gegenangriff zu starten.;отлично подходит для быстрых контратак.
;;;
5_RaiderLine1;Raider is a pirate attack ship specifically designed for long-range;Gangster wurden speziell für weiträumige Angriffe konstruiert. Häufig in;Рейдер - это пиратский штурмовик, специально разработанный для
5_RaiderLine2;raids in small groups or as the main attack ship in large groups.;kleinen Gruppen unterwegs, oder als Hauptangriffsmacht auch in grösseren;дальних рейдов на территорию противника в составе небольших групп.
5_RaiderLine3;Unlike Warders, Raiders are designed to attack under Marauder cover.;Gruppen. Operieren die Gangster unter Plündererschutz.;Несмотря на наличие турелей, уязвим для истребителей.
;;;
5_MissileCarrierLine1;Missile Carrier is a pirate attack ship specifically designed for;Raketenträger sind speziell konstruiert für weiträumige Angriffe;Ракетный Транспорт - это модернизированное гражданское судно
5_MissileCarrierLine2;long-range raids in large groups. Unlike Raiders, Missile Carriers;in großen Gruppen. Anders als die Gangster, können die Raketenträger;оснащенное турелями и ракетными системами. Используется пиратами
5_MissileCarrierLine3;can be used as regular carriers for slaves and goods.;Sklaven und Beutegut transportieren.;как судно огневой поддержки и транспорт.
;;;
5_BattleFreighterLine1;Battle Freighter is a pirate freighter that is used for long-range raids;Der Schlachtenfrachter wird von den Piraten in weiträumigen Angriffen;Боевой Фрахтовщик - это пиратский тяжелый транспорт оснащенный
5_BattleFreighterLine2;in large groups. Unlike Missile Carriers, Battle Freighters are;in großen Gruppen verwendet. Die Schlachtenfrachter können nur;системами защиты (турелями, противоракетными системами). Данные
5_BattleFreighterLine3;civilian ships equipped with propelled weapon systems only.;mit angetriebenen Waffensystemen bestückt werden.;суда составляют ядро больших рейдерских групп.
;;;
5_CivilianBuildingLine1;Civilian Building is a structure having a roof supported by columns, piers,;Das Zivilgebäude schützt mit einem Dach oder Wände die darunter;Здания (Гражданские Постройки) - сооружения состоящие из стен,
5_CivilianBuildingLine2;or walls and intended to shelter, house or enclose persons,;liegenden Häuser und Unterkünfte bzw. die darin wohnenden Personen,;крыши и основания. Содержат собственные генераторы гравитации
5_CivilianBuildingLine3;animals or chattels.;Tiere oder Mobiliar.;и системы регенерации кислорода.
;;;
5_WeaponturretLine1;Weapon turret is a self-contained armored weapon platform housing;Der Geschützturm  ist unabhängiges Waffensystem mit einer Kanone,;Турель - это самостоятельная неподвижная боевая еденица
5_WeaponturretLine2;cannon or missile launcher system. Weapon turrets are strongly armored;oder Raketensystem. Geschütztürme sind stark gepanzert;вооруженная пушкой или ракетной установкой для ведения
5_WeaponturretLine3;and can rotate.;und können sich drehen.;огня. Являются неотъемлемой частью защиты баз.
;;;
5_ArmoredJeepLine1;Armored Jeep is a type of jeep with special armored hull designed for close;Der gepanzerte Jeep besitzt eine Hülle, die ihn für den Nahkampf;Бронированный Джип - это разновидность джипов со специальным сверх
5_ArmoredJeepLine2;combat. Armored Jeeps are comparatively fast, maneuverable and equipped;prädistiniert. Gepanzerte Jeeps sind vergleichsweise schnell, manöverier-;бронированным корпусом созданным для ближнего боя. Данная техника
5_ArmoredJeepLine3;with heavy weapon systems to attack enemy.;fähig und mit einem starken Waffensystem für den Angriff ausgestattet.;не столь маневренная, по сравнению с простыми джипами.
;;;
5_JeepLine1;Jeep is a military wheeled vehicle suitable for traveling over rough terrain.;Der Jeep ist ein militärisches Allradfahrzeug, gut geeignet für den rauhen ;Джип - это боевое колесное транспортное средство предназначенное
5_JeepLine2;Jeeps are highly maneuverable, and equipped with weapon systems to attack;Geländeeinsatz. Jeeps sind sehr schnell, manöverierfähig und mit;для транспортирования личного состава. В основном применяется как
5_JeepLine3;enemy with direct fire.;Waffen für den Angriff ausgestattet.;разведывательное средство.
;;;
5_TankLine1;Tank is a tracked, armored combat vehicle primarily designed to destroy;Der Panzer ist mit Kettenantrieb ausgestattet und in der Lage den Feind;Танк - это гусеничное бронированное транспортное средство приме-
5_TankLine2;enemy forces with direct fire. A battle tank is distinguished by its high;im Direktangriff zu zerstören. Ein Panzer zeichnet sich durch seine hohe;няемое для уничтожения противника в открытом бою. Обладает
5_TankLine3;level of firepower and stronger armor as compared to other vehicles.;Feuerkraft und seine stärkere Panzerung als die übrigen Mitlitärfahrzeuge aus.;высокими показателями бронированности.
;;;
5_APCLine1;Armored Personnel Carrier is a military armored vehicle usually;Der Bewaffnete Armeetransporter ist mit Antriebsketten ausgestattet.;БТР (Бронетранспортер) - это бронированное транспортное средство
5_APCLine2;equipped with treads, weapon systems to attack enemy;Er ist mit Waffensystemen bestückt und wird benutzt,;используемое для транспортирования личного состава. Обладает
5_APCLine3;and used to transport infantry.;um Infantrie zu transportieren.;достаточным количеством вооружения для атаки противника.
;;;
5_MissileLauncherLine1;Missile Launcher is a military armored vehicle equipped with;Der Raketenwerfer ist ein gepanzertes Militärfahzeug, das;Ракетная Установка - это боевое бронированное транспортное средство
5_MissileLauncherLine2;a device that can launch missiles, torpedoes or bombs to attack;Raketen, Torpedos oder Bomben gegen den Gegner schiessen kann.;оборудованное устройствам запуска ракет, торпед или бомб с целью
5_MissileLauncherLine3;enemy.;;уничтожения наземного или воздушного противника.
;;;
5_EngineerLine1;Engineer is a military vehicle primarily responsible for the design and;Der Konstrukteur kann in der Hauptsache Offensiv-, und Defensivstrukturen;Трактор - военный транспорт, основной задачей которого является
5_EngineerLine2;construction of offensive, defensive, logistical structures for warfare,;entwerfen und bauen. Er kann auch Wartungsarbeiten durchführen und wird;постройка и обслуживание оборонительных укреплений. Иногда
5_EngineerLine3;maintenance and dismantling of defensive minefields.;zum abbauen von Minenfeldern eingesetzt.;используется для установки минных полей.
;;;
;;;
6_Mission1Title;Mission 1 - First Contact with Unknown Enemy;Mission 1 - Erster Kontakt mit dem Feind;Миссия 1 - Первый Контакт с Врагом
6_Mission2Title;Mission 2 - Attack, Do Not Let Them Go;Mission 2 - Angreifen und nicht entkommen lassen;Миссия 2 - Атакуйте, Не Дайте Им Уйти
6_Mission3Title;Mission 3 - Counterattack Is The Best Defense;Mission 3 - Gegenangriff ist die beste Verteidigung;Миссия 3 - Контратака - Лучшая Защита
6_Mission4Title;Mission 4 - Attack on Fleet of Pirate Raiders;Mission 4 - Greife die Piratenflotte an!;Миссия 4 - Атакуйте Флот Пиратов-Рейдеров
6_Mission5Title;Mission 5 - Surprise, Surprise... Aliens Again;Mission 5 - Überraschung...wieder Feinde!;Миссия 5 - Сюрприз, сюрприз... Снова Пришельцы
6_Mission6Title;Mission 6 - Stop Alien MotherShip Now!;Mission 6 - Stoppe das Alien Mutterschiff sofort!;Миссия 6 - Остановите Носитель Пришельцев!
6_Mission7Title;Mission 7 - Attack on Small Pirate Raiders Base;Mission 7 - Greife die kleine Piratenbasis an;Миссия 7 - Атака на Небольшую Базу Пиратов
6_Mission8Title;Mission 8 - Stay Close, They Are Coming;Mission 8 - Bleib in der Nähe, Sie kommen;Миссия 8 - Сомкнуть Ряды, Они Приближаются
6_Mission9Title;Mission 9 - One More Pirate Raiders Base;Mission 9 - Eine weitere Piratenbasis;Миссия 9 - Еще Одна Пиратская База
6_Mission10Title;Mission 10 - Strange Slackness... Be Ready!;Mission 10 - Eigenartige Flaute! Pass auf!;Миссия 10 - Странное Затишье... Приготовьтесь!
6_Mission11Title;Mission 11 - Do Not Let Them Destroy Our Base!;Mission 11 - Lass Sie nicht unsere Basis zerstören!;Миссия 11 - Не Дайте Им Уничтожить Нашу Базу!
6_Mission12Title;Mission 12 - Secret Pirate Base;Mission 12 - Geheime Piratenbasis;Миссия 12 - Секретная Пиратская База
6_Mission13Title;Mission 13 - Alien Transportation Port;Mission 13 - Alien Umschlaghafen;Миссия 13 - Транспортный Порт Пришельцев
6_Mission14Title;Mission 14 - Last Pirate Enclave;Mission 14 - Die letzte Piratenenklave;Миссия 14 - Последний Анклав Пиратов
6_Mission15Title;Mission 15 - Escape Under Aliens` Attack;Mission 15 - Flucht unter den Alienangriffen!;Миссия 15 - Отступление Под Атакой Пришельцев
;;;
;;;
6_Mission1Descr;They are coming! They are everywhere!;Sie kommen! Sie sind überall!!;Они приближаются! Они повсюду!
6_Mission2Descr;Damned raiders here! No Mercy! Kill them all!;Verdammte Gangster hier! Keine Gnade! Töte Sie Alle!;Проклятые рейдеры! Никакой пощады! Убить всех!
6_Mission3Descr;Our base is under attack! Stop the aliens` attack now!;Unsere Basis liegt unter Beschuss!;Наша база атакована! Остановите атаку пришельцев!
6_Mission4Descr;Find a pirate raider base in this sector!;Finde eine Piraten Basis in diesem Sektor!;Найдите пиратскую базу в этом секторе!
6_Mission5Descr;Do not let them regroup for a counterattack!;Gib den Piraten keine Gelegenheit sich neu zu formieren!;Не дайте им перегруппироваться и контратаковать!
6_Mission6Descr;They are too close! You should do something!;Sie sind viel zu dicht! Du solltest etwas tun!!;Они слишком близко! Сделайте хоть что-то!
6_Mission7Descr;We found their base! Finally! Lets smash them!;Wir haben ihre Basis gefunden! Endlich! Rotten wir sie aus!;Мы обнаружили их базу! Наконец-то! Размажьте их!
6_Mission8Descr;Looks like the aliens got reinforcement!;Scheint, als erhielten die ALiens Verstärkung!;Похоже, пришельцы получили подкрепление!
6_Mission9Descr;This should be piece of cake for you, do it quickly!;Das sollte ein Spaziergang sein! Mach schnell!;Это должно быть легко для вас, сделайте это быстро!
6_Mission10Descr;Our intelligence failed to find anything. It can be a trap!;Unsere Spionage konnte nichts herausfinden. Eine Falle?;Наша разведка ничего не нашла. Наверняка ловушка!
6_Mission11Descr;Do not panic! We got reinforcement! Regroup and attack!;Keine Panik! Wir haben Verstärkung!;Без паники! Мы получили подкрепление! Атакуем!
6_Mission12Descr;They are too smart now, and much more dangerous.;Sie sind nun zu schlau, und viel zu gefährlich!;Они теперь слишком умные, и значительно опаснее.
6_Mission13Descr;We found their hyper port! We must destroy it right now!;Wir fanden ihren Hyper Port! Wir müssen ihn sofort zerstören!;Мы нашли их гипер-порт! Необходимо его уничтожить!
6_Mission14Descr;This sector must be clear and safe for ever!;Dieser Sektor muss sauber und sicher für immer sein!;Этот сектор должен быть очищен раз и навсегда!
6_Mission15Descr;We lost this sector, this battle is lost. Try to escape!;Wir haben die Schlacht verloren. Versuche zu fliehen!;Мы потеряли этот сектор. Спасайся кто может!
;;;
;;;
7_ship1;Cobra;Cobra;Кобра
7_ship2;SpaceEagle;SpaceEagle;Орел
7_ship3;FireStorm;FireStorm;Шторм
7_ship4;Hedgehog;Hedgehog;Репейник
7_ship5;Thunder;Thunder;Гром
7_ship6;Excalibur;Excalibur;Экскалибур
7_ship7;DarkStar;DarkStar;Звезда
7_ship8;Scorpion;Scorpion;Скорпион
7_ship9;Runner;Runner;Беглец
7_ship10;Kronos;Kronos;Кронос
7_ship11;Chameleon;Chameleon;Хамелеон
7_ship12;Falcon;Falcon;Сокол
7_ship13;DeathRipple;DeathRipple;Смерч
7_ship14;AstroSword;AstroSword;Игла
7_ship15;Pulser;Pulser;Импульс
7_ship16;ClumsyMace;ClumsyMace;Булава
7_ship17;Raptor;Raptor;Раптор
7_ship18;Destroyer;Destroyer;Разрушитель
7_ship19;AstroSpear;AstroSpear;Копье
7_ship20;Mite;Mite;Мышь
7_ship21;Viper;Viper;Гадюка
7_ship22;BlackIce;BlackIce;ЧерныйЛед
7_shipfullname;%s Mk%i;%s Mk%i;%s Mk%i
;;;
7_weapon1;FireFox;FireFox;Искра
7_weapon2;FireBird;FireBird;Пламя
7_weapon3;Meteor;Meteor;Метеор
7_weapon4;Hasher;Hasher;Мясорубка
7_weapon5;Trammel;Trammel;Невод
7_weapon6;IonStorm;IonStorm;Шторм
7_weapon7;IonRipple;IonRipple;Смерч
7_weapon8;Quasher;Quasher;Сокрушитель
7_weapon9;Destabilizer;Destabilizer;Дестабилизатор
7_weapon10;Anihilator;Anihilator;Аннигилятор
7_weapon11;Devastator;Devastator;Опустошитель
7_weapon12;DeathFlow;DeathFlow;ПотокСмерти
7_weapon13;Vaporizer;Vaporizer;Испаритель
7_weapon14;Rapier;Rapier;Рапира
7_weapon15;Pandora;Pandora;Пандора
7_weapon16;Stinger;Stinger;Жало
7_weapon17;Swarm;Swarm;Рой
7_weapon18;Vengeance;Vengeance;Месть
7_weapon19;BabyDoll;BabyDoll;Кукла
;;;
7_system1;Jet Engine;Jet Engine;Реактивный
7_system2;Photon Jet;Photon Jet;Фотонный
7_system3;Plasma Jet;Plasma Jet;Плазменный
7_system4;Antimatter;Antimatter;Антиматерия
7_system5;Ion Battery;Ion Battery;Батарея
7_system6;Nuclear;Nuclear;Ядерный
7_system7;Plasma;Plasma;Плазменный
7_system8;Antimatter;Antimatter;Антиматерия
7_system9;Base O.T.C.;Base O.T.C.;Базовая О.К.Н.
7_system10;Hamerik O.T.C.;Hamerik O.T.C.;Хамерик О.К.Н.
7_system11;Neo M.O.T.C.;Neo M.O.T.C.;Нео В.О.К.Н.
7_system12;Supra M.O.T.C.;Supra M.O.T.C.;Супра В.О.К.Н.
7_system13;Mechanical;Mechanical;Механика
7_system14;Hydraulic;Hydraulic;Гидравлика
7_system15;Magnetic;Magnetic;Магнит
7_system16;Vacuum;Vacuum;Вакуум
7_system17;Repair NaRs;Repair NaRs;Нано Роботы
7_system18;Layer;Layer;A-Б Слой
7_system19;Energy Shield;Energy Shield;Энерго Щит
7_system20;Deflector;Deflector;Дефлектор
;;;
7_Ships_Stock;Ship Stock;Schifflager;Склад Кораблей
7_Ship_Hull_Cost;Ship Hull Cost;Schiff Hüllenkosten;Стоимость Корпуса
7_Not_Available_in_Demo_Version;Not Available in Demo Version;In der Demo Version nicht verfügbar;Недоступно в Демо Версии
7_Player_Ship;Player Ship;Spielerschiff;Корабль Игрока
7_Upgrade_Hull_Cost;Upgrade Hull Cost;Verbessern Hülle Kosten;Стоимость Апгрейда
7_Repair_Hull_Cost;Repair Hull Cost;Reparieren Hülle Kosten;Стоимость Ремонта
7_Ship_Cost;Ship Cost;Schiff Kosten;Общая Стоимость
7_Weapon_Ammo:;Weapon Ammo:;Waffen Schuss:;Боекомплект:
7_Weapon_Reload_Cost:;Weapon Reload Cost:;Waffen Nachladen Kosten:;Стоимость:
7_Weapon_Type;Weapon Type;Waffen Typ;Тип Оружия
7_Weapon_Level;Weapon Level;Waffen Level;Уровень Оружия
7_Weapon_Cost;Weapon Cost;Waffen Kosten;Стоимость Оружия
7_Weapon_Stock;Weapon Stock;Waffen Bestand;Склад Оружия
7_Installed_Weapons;Installed Weapons;Installierte Waffen;Установленное
7_System_Stock;System Stock;System Bestand;Склад Систем
7_Installed_Systems;Installed Systems;Installierte Systeme;Установленные
7_Installed_System;Installed System;Installiertes System;Установленная
7_Selected_System;Selected System;Gewähltes System;Выбранная
7_Cost;Cost;Kosten;Стоимость
;;;
;;;
9_Tipsandhints;Tips and hints;Tipps und Tricks;Советы и подсказки
9_notshowtip;Do not show this tip again.;Diesen Tipp nicht wieder anzeigen.;Не показывать эту подсказку.
;;;
9_9Line1;It is possible to create five Pilot Profiles in the game in;Es können fünf Pilotenprofile angelegt werden. Jedes Profil;Для хранения персональных данных в игре предусмотрено
9_9Line2;order to store personal data. You can set an individual;kann unterschiedliche Spielstände und Schwierigkeitsgrade;создание пяти Профилей Пилотов. Вы можете настроить
9_9Line3;difficulty level for each profile or delete the current;enthalten. Um Platz für ein neues Profil zu schaffen, ein;индивидуальную сложность для каждого Профиля или
9_9Line4;profile to free space for a new profile.;Profil löschen. Beachte, das der Schwierigkeitsgrad in Prozent;удалить его, освободив место для создания новой записи.
9_9Line5;Note that the current difficulty level is displayed in percent;pro einzelnes Profil angegeben ist. Dieser Wert beeinflusst;Обратите внимания, для каждой записи отображается
9_9Line6;for each profile. This value influences the increase of;direkt die Erfahrungspunktvergabe. Zum Beispiel, wenn du;текущая сложность в процентах. Данный показатель
9_9Line7;experience. For instance, if you bring down an enemy ship, you;ein Feindschiff zerstörst, bringt das 100 Einheiten Geld;влияет на начисление опыта. Например, сбив
9_9Line8;will get 100 money units and only 65 experience units if the;und nur 65 Erfahrungspunkte, wenn der Schwierigkeitsgrad;противника вы получите 100 единиц денег и только
9_9Line9;difficulty percent is set to 65 for you.;auf 65 Prozent für dieses Profil steht.;65 единиц опыта, если процент сложности у вас равен 65.
9_9Line10;Note: you can change your difficulty level before each;Hinweis: Du kannst vor dem start jeder Mission;Примечание: вы можете изменить настройки сложности
9_9Line11;new mission.;den Schwierkeitsgrad verändern.;перед началом каждой новой миссии.
;;;
9_10Line1;There are more than 20 spaceships with unique characteristics;Es gibt mehr als 20 Raumschiffe, jedes mit besonderen Eigensch-;В игре доступны более двух десятков кораблей с уникальны-
9_10Line2;available in the game. You can use the right part of the screen;aften. Auf der rechten Seite dieses Bildschirms ist dein Raumschiff;ми характеристиками. В правой части экрана вы можете
9_10Line3;to see your current spaceship, its characteristics and cost and;mit seinen Eigenschaften und Kosten dargestellt. Hier können auch;увидеть свой корабль, его характеристики и стоимость, а так
9_10Line4;also to perform basic operations, such as repair.;grundlegende Dinge wie Reparatur und Schiffshüllenverstärkung; же произвести ремонт и апгрейд корпуса корабля.
9_10Line5;The left part of the screen contains Ship Stock where you can see;durchgeführt werden. Die linke Seite enthält die Liste aller;В левой части экрана расположен Склад, где вы можете
9_10Line6;all available spaceships and their characteristics. Do not;verfügbaren Schiffe mit ihren Eigenschaften. Vergiß nicht, das;просмотреть все имеющиеся корабли и их характеристики.
9_10Line7;forget that each ship has its dimensions and, which is more;neben der Größe der Schiffe, die Anzahl der Waffenschächte und;Не забывайте, что каждый корабль имеет свои габариты и,
9_10Line8;important, different weapon mounts.;Art der Waffenschächte angegeben ist, was noch wichtiger ist.;что более важно, различные крепления оружия.
9_10Line9;The basic shipbuilding concept is as follows:;Das grundlegende Schiffsbaukonzept ist wie folgt:;Базовая концепция судостроение такова:
9_10Line10;Scout - light, small and maneuverable ships with weak weapons.;Aufklärer - Leicht, schnell, wendig mit schwachen Waffen.;Разведчик - маневренные но слабо вооруженные корабли.
9_10Line11;Interceptor - fast ships with light weapons.;Abfangjäger - Schnelle Schiffe mit leichten Waffen.;Перехватчик - быстрые легко вооруженые корабли.
9_10Line12;Fighter - main type of ships with light and semi-heavy weapons.;Jäger - Haupttyp der Schiffe mit leichten und mittleren Waffen.;Истребитель - наиболее сбалансированы тип кораблей.
9_10Line13;Bomber - heavy destroyers with mostly heavy attack weapons.;Bomber - Schwere Zerstörer mit hauptsächlich schweren Waffen.;Бомбардировщик - тяжелые истребители.
9_10Line14;Attack Ship - heavy, large and heavily armed ships.;Angriffsschiff - schwer, groß und schwer bewaffnet.;Штурмовик - тяжелые корабли с большой огневой мощью.
;;;
9_11Line1;A set of systems is installed on the ship you operate. All systems;Etliche von Systeme sind auf deinem Schiff installiert. Alle;В управляемом вами корабле установлен набор систем.
9_11Line2;are connected with each other and with ship weapons in one way or;Systeme sind miteinander und mit den Waffensystemen und anderen;Все системы связаны между собой и вооружением
9_11Line3;another and play important role in the game.;Funktionen verbunden und spielen eine Rolle im Spiel.;корабля, и играют важную роль в процессе игры.
9_11Line4;You should carefully take into account the peculiarities of each;Achte auf die spezifischen Eigenheiten jedes einzelnen Systems;Следует внимательно учитывать особенности каждой системы
9_11Line5;system and match their characteristics to each other to get;und stimme die Systeme aufeinander ab, um ein gut ausgewo-;и согласовывать их между собой, чтобы получить корабль
9_11Line6;a well balanced warship that can complete combat tasks.;genes Schiff zu haben, mit dem du im Kampf bestehen kannst.;способный выполнять боевую задачу.
9_11Line7;Engine - ship engine system. Pay attention to how this system consumes;Antrieb - Schiffsantrieb. Achte auf die Energieaufnahme;Реактор - источник энергии. Обратите внимание на две
9_11Line8;energy. Otherwise you run the risk of being unable to move.;Andernfalls könntest du ein bewegungsloses Schiff haben.;основные характеристики - емкость и перезарядка.
9_11Line9;Power - ship energy source. Pay attention to the main two characte-;Energie - Schiffsenergiequelle. Achte auf die zwei wichtigen ;О.К.Н. - Оптический Компьютер Наведения. Данная система
9_11Line10;ristics of this system - Recharge Rate and Capacity.;Eigenschaften dieses Systems - Aufladungsrate und Kapazität.;отвечает за оптическое наведение на цель.
9_11Line11;O.T.C. - Optical Target Computer. As you can see from its name,;O.T.C. - Optischer Ziel Computer, dieses System ist für die;Наведение - Система наведения орудия на цель. От нее
9_11Line12;this system is responsible for optical targeting.;optische Zielverfolgung zuständig.;зависит скорость поворота и точность выстрела.
9_11Line13;Targeting - Weapon targeting system. It depends on this system how;Zielerfassung - Waffem Zielsystem. Von diesem System hängt es ab,;Нано Роботы - будут постоянно следить за состоянием
9_11Line14;fast a weapon will aim and how accurate the shot will be.;wie lange die Waffe zum Zielerfassen benötigt und wie genau;вашего корабля и ремонтировать его.
9_11Line15;Advanced - The most advanced, but yet untested systems for;der Schuss ist. Fortgeschritten - Die am höchsten entwickelten;А-Б Слой - специальная броня, позволяющая уменьшить
9_11Line16;enhancing ship invulnerability.;Systeme, allerdings ungetestet, für höhere Ansprüche.;механические и ослабить ионные воздействия. 
;;;
9_12Line1;You can use this section to buy, sell and set up the weapons on;In dieser Abteilung kannst du Waffen für dein Schiff kaufen und;В данном разделе вы можете покупать, продавать и
9_12Line2;your ship. To buy a weapon, just drag its icon from Weapon Stock;verkaufen. Um eine Waffe zu kaufen, ziehe das Abbild der Waffe;настраивать оружие корабля. Для покупки оружия, просто
9_12Line3;to a weapon slot on your ship. Note that each weapon has its;über einen Waffenschacht. Beachte, das eine Waffe nur in einen;перетяните иконку оружия из Склада Оружия на слот оружия
9_12Line4;own level (from 1 to 5), you should see that the slot level is;Schacht passt, wenn der Level kleiner oder genauso groß wie der ;корабля. Обратите внимание, каждое оружие обладает
9_12Line5;not less than the weapon level. To sell a weapon, perform;Schachtlevel ist (Level 1-5). Um eine Waffe zu verkaufen, ziehe;своим уровнем (от 1 до 5), следует учитывать, чтобы уровень
9_12Line6;the reverse operation.;die Waffe einfach aus den Schacht heraus auf die linke Seite.;слота был не меньше уровня оружия.
9_12Line7;The weapon is set up and recharged with the Setup button;Die Waffe wird konfiguriert und aufgeladen über den;Чтобы продать оружие, выполните обратную манипуляцию.
9_12Line8;in the right part of the weapon slot panel.;Einstellknopf im rechten Teil der Waffenschachttafel.;Для настройки оружия, нажмите кнопку Опции.
9_12Line9;Main types of weapons by their projectiles:;Die Haupttypen der Waffen nach Projektilen:;Основные типы оружия по типу снаряда:
9_12Line10;Projectile - small projectiles based on billets or energy beams.;Projektile - kleine Geschosse basierend auf Kugeln oder Ener-;Снаряд - основанием является болванка или энергетический
9_12Line11;It is the main and most widespread weapon in the game.;giestrahlen. Das ist die am meisten verbreitete Waffe.;пучок. Это наиболее распространенное оружие в игре.
9_12Line12;Self-propelled projectile - missiles, torpedoes and nuclear bombs.;Angetriebene Projektile - Raketen, Torpedos und Atombomben.;Реактивные - ракеты, торпеды и ядерные бомбы. К недостаткам
9_12Line13;The disadvantages of these weapons include the low speed;Der Nachteil dieser Waffengattung ist die geringe Fluggesch-;данного оружия можно отнести низкую скорость полета
9_12Line14;of the projectile and the possibility of bring it down.;windigkeit der Projektile.;снаряда, а так же возможность уничтожения снаряда.
9_12Line15;Beam - Lasers and Masers. Short-range highly energy-;Strahl - Laser und Maser. Kurzstrecke und Hohe Energie-;Лучевое - Лазеры и Мазеры. Не дальнобойное оружие, с
9_12Line16;consuming weapons.;verbrauchende Waffen.;высокими требованиями по энергообеспечению.
;;;
;;;
9_13Line1;GAME KEYBOARD SHORTCUTS;SPIEL FUNKTIONSTASTENBELEGUNG;ГОРЯЧИЕ КЛАВИШИ ИГРЫ
9_13Line2;F2 - toggle show/hide game FPS counter.;F2 - FPS Zähler An/Aus.;F2 - вкл/выкл отображения FPS.
9_13Line4;Note: it will reduce visual effects. Use it, if you have old hardware;Hinweis: Reduziert die Optischen Effekte. Benutze das, wenn nur alte;Примечание: может быть полезно при настройке
9_13Line5;to increase game FPS.;Hardware vorhanden ist,um die FPS zu erhöhen.;оптимального соотношения качество/быстродействие.
9_13Line6;F5 - decrease game speed.;F5 - Verringere Spielgeschwindigkeit. ;F5 - уменьшить скорость игры.
9_13Line7;F6 - reset game speed to normal.;F6 - Normalisiere Spielgeschwindigkeit.;F6 - сбросить скорость игры.
9_13Line8;F7 - increase game speed.;F7 - Erhöhe Spielgeschwindigkeit.;F7 - увеличить скорость игры.
9_13Line9;Note: do not increase game speed, if you have low FPS.;Hinweis: Wenn FPS zu gering, erhöhe nicht die Spielgeschwindigkeit.;Примечание: не увеличивайте скорость, если FPS низкий.
9_13Line10;F8 - change weapon panels view.;F8 - Die Ansicht der Waffentafeln verändern.;F8 - изменить вид панелей оружия.
9_13Line11;F9 - change Primary weapon group fire mode.;F9 - Feuermodus der Primärwaffen wechseln.;F9 - изменить тип стрельбы Первичной группы.
9_13Line12;F10 - change Secondary weapon group fire mode.;F10 - Feuermodus der Sekundärwaffen wechseln.;F10 - изменить тип стрельбы Вторичной группы.
9_13Line13;F12 - capture screenshot. (File will be saved on your Desktop.);F12 - Bildschirmfoto. (Das File liegt auf deinem Desktop.);F12 - скриншот. (Файл будет сохранен на рабочем столе.)
9_13Line14;Esc - show/hide game menu. (Pause.);Esc - Spielmenü. (Pause.);Esc - показать/скрыть меню игры. (Пауза.)
9_13Line15;Note: all changes will be saved in the game configuration file.;Hinweis: Alle Änderungen werden gespeichert.;Примечание: все измененные настройки будут сохранены.
;;;
9_14Line1;Warning! Low energy recharge rate!;Warnung! Geringe Energie Wiederaufladungsrate!;Внимание! Низкий уровень перезарядки!
9_14Line2;Could be problems with;Das könnte Probleme mit den;Возможны проблемы с работой
9_14Line3;systems function and/or weapons recharge!;Systemfunktionen oder der Waffenfeuerrate geben!;внутренних систем корабля и оружия!
;;;
;;;
9_15Line1;You have already completed this mission. Your previous best;Du hast diese Mission bereits geschafft. Dein bisheriges;Вы уже прошли эту миссию. Ваш предыдущий лучший
9_15Line2;result is %i points of experience.;bestes Resultat ist  %i Erfahrungspunkte.;результат составляет %i очков опыта.
9_15Line3;You can replay this mission as many times as you like, but you;Du kannst diese Mission so oft wiederholen, wie du magst,;Вы можете переиграть эту миссию сколь угодно много раз,
9_15Line4;should take into account that only the best result you;aber du solltest bedenken, das nur das beste Resultat von;но не забывайте, что только лучший результат будет
9_15Line5;achieve in this mission will be used to calculate the total;dir in die Messung der Gesamterfahrungspunkte eingeht.;зафиксирован и будет учитываться при подсчете общего
9_15Line6;number of experience points.; ;количества очков опыта.
9_15Line7;Note that each time you complete the mission again,;Beachte, das jedes Mal, wenn du diese Mission erneut erfolgreich;Примечание: каждый раз прохождения миссии снова,
9_15Line8;the amount of money you get when you destroy the enemy;beendet hast, die Geldmenge, die du für das abschiessen der Feinde;количество денег получаемое вами при уничтожении
9_15Line9;in this mission is reduced two times.;erhälst, um die Hälfte reduziert wird.;противника будет сокращаться в два раза.
;;;
;;;
9_16Line1;Shortcut: F2 - toggle show/hide game FPS counter.;Shortcut: F2 - FPS Zähler An/Aus.;Клавиши: F2 - вкл/выкл отображения FPS.
9_16Line2;Shortcuts: F5 / F6 / F7 - decrease / reset / increase game speed.;Shortcuts: F5 / F6 / F7 - verringere / normalisiere / erhöhe Spielgeschwindigkeit.;Клавиши: F5 / F6 / F7 - уменьшить / сбросить / увеличить скорость игры.
9_16Line3;Shortcut: F8 - change weapon panels view.;Shortcut: F8 - Ansicht der Waffentafeln verändern.;Клавиши: F8 - изменить вид панелей оружия.
9_16Line4;Shortcuts: F9 / F10 - change Primary / Secondary weapon group fire mode.;Shortcuts: F9 / F10 - Feuermodus der Primär /Sekundär Waffen verändern.;Клавиши: F9 / F10 - изменить тип стрельбы для Первичного / Вторичного оружия.
9_16Line5;Shortcut: F12 - capture screenshot. (File will be saved on your Desktop.);Shortcut: F12 - Bildschirmfoto. (Foto landet auf dem Desktop.);Клавиши: F12 - скриншот. (Файл будет сохранен на рабочем столе.)
9_16Line6;Shortcut: Esc - show/hide game menu. (Pause.);Shortcut: Esc - Spielmenü An/Aus. (Pause.);Клавиши: Esc - показать / скрыть меню игры. (Пауза.)
;;;
9_17Line1;Custom Weapon Angle is use-;Waffenwinkel ist nur mit;Угол поворота возможно
9_17Line2;ful with optical computer;optischem Computersystem;использовать только с
9_17Line3;system Neo or Supra only.;Neo oder Supra nutzbar.;В.О.К.Н Нео и Супра.
;;;
;;;
9_18Line1;AstroMenace Donation;AstroMenace Geldspende;Пожертвования для игры AstroMenace
9_18Line2;AstroMenace is Open Source, you can support this game;AstroMenace ist Open Source, aber Sie können durch eine;Игра AstroMenace - проект с открытым исходным кодом (Open
9_18Line3;by donation.;Geldspende die Entwicklung unterstützen.;Source), вы можете поддержать разработку игры.
9_18Line4;Available donation methods: Credit Card (Visa, MasterCard,;Verfügbare Spendenmethoden: Kreditkarte (Visa, MasterCard,;Принимаются платежи с: WebMoney, Кредитных карт (Visa,
9_18Line5;EuroCard, American Express, Discover/Novus, Diners Club, JCB),;EuroCard, American Express, Discover/Novus, Diners Club, JCB),;MasterCard, EuroCard, American Express, Discover/Novus,
9_18Line6;WebMoney, US$ Checks, Eurochecks, Wire Transfers.;WebMoney, US$ Schecks, Euroschecks, oder Geldüberweisung.;Club, JCB), Банковским переводом.
9_18Line7;Thank you everybody for showing your support;Vielen Dank an Alle für die Unterstützung und;Спасибо всем за поддержку и помощь в развитии
9_18Line8;and furthering AstroMenace!;Förderung von AstroMenace!;игры AstroMenace!
;;;
;;;
10_PROJECT_LEADER;PROJECT LEADER, PROGRAMMING;PROJECT LEADER, PROGRAMMING;РУКОВОДИТЕЛЬ, ПРОГРАММИРОВАНИЕ
10_Michael_Kurinnoy;Michael Kurinnoy;Michael Kurinnoy;Михаил Куринной
;;;
10_2D_ARTWORK;2D ARTWORK;2D ARTWORK;ГРАФИКА
10_Tatiana_Savitskaya;Tatiana Savitskaya;Tatiana Savitskaya;Татьяна Савицкая
;;;
10_3D_MODELS;3D MODELS;3D MODELS;3Д МОДЕЛИ
10_Max_Shelekhov;Max Shelekhov, 3drt.com;Max Shelekhov, 3drt.com;Макс Шелехов, 3drt.com
10_Oleg_Linkov;Oleg Linkov;Oleg Linkov;Олег Линьков
10_Egor_Kurteanu;Egor Kurteanu;Egor Kurteanu;Egor Kurteanu
;;;
10_PLANETARY_TEXTURES;PLANETARY TEXTURES;PLANETARY TEXTURES;ТЕКСТУРЫ ПЛАНЕТ
10_Alex_(Esgaroth)_Reuter;Alex (Esgaroth) Reuter;Alex (Esgaroth) Reuter;Alex (Esgaroth) Reuter
10_Robert_Stein;Robert Stein;Robert Stein;Robert Stein
;;;
10_MUSIC;MUSIC;MUSIC;МУЗЫКА
10_Alexander_Matchugovsky;Alexander Matchugovsky;Alexander Matchugovsky;Александр Мачуговский
;;;
10_SOUND_EFFECTS;SOUND EFFECTS;SOUND EFFECTS;ЗВУКОВЫЕ ЭФФЕКТЫ
10_Michael_Sirotkin;Michael Sirotkin;Michael Sirotkin;Михаил Сироткин
10_Alexander_Vassilyevsky;Alexander Vassilyevsky;Alexander Vassilyevsky;Александр Васильевский
;;;
10_VOICE;VOICE;VOICE;ГОЛОС
10_Elena_Zavalishina_(en,_ru);Elena Zavalishina (en, ru);Elena Zavalishina (en, ru);Елена Завалишина (en, ru)
10_Petra_Schulten_(de);Petra Schulten (de);Petra Schulten (de);Petra Schulten (de)
;;;
10_WEB_PROGRAMMING;WEB PROGRAMMING;WEB PROGRAMMING;ВЕБ ПРОГРАММИРОВАНИЕ
10_Pavel_Voylov;Pavel Voylov;Pavel Voylov;Павел Войлов
;;;
10_TRANSLATORS;TRANSLATORS;TRANSLATORS;ПЕРЕВОД
10_Bernd_Dau_(de);Bernd Dau (de);Bernd Dau (de);Bernd Dau (de)
10_Michael_Kurinnoy_(en,_ru);Michael Kurinnoy (en, ru);Michael Kurinnoy (en, ru);Михаил Куринной (en, ru)
;;;
10_TESTERS;TESTERS;TESTERS;ТЕСТЕРЫ
10_Dmitriy_Schigolev;Dmitriy Schigolev;Dmitriy Schigolev;Дмитрий Щеголев
10_Ivan_Bobrov;Ivan Bobrov;Ivan Bobrov;Иван Бобров
10_Vadim_Sosenko;Vadim Sosenko;Vadim Sosenko;Вадим Сосенко
10_Dmitriy_Tatarinov;Dmitriy Tatarinov;Dmitriy Tatarinov;Дмитрий Татаринов
10_Alexey_Mosesov;Alexey Mosesov;Alexey Mosesov;Алексей Мосесов
10_Bernd_Dau;Bernd Dau;Bernd Dau;Bernd Dau
10_Ryan_Foster;Ryan Foster;Ryan Foster;Ryan Foster
10_Jason_Crowell;Jason Crowell;Jason Crowell;Jason Crowell
;;;
10_SPECIAL_THANKS_TO;SPECIAL THANKS TO;SPECIAL THANKS TO;ОСОБЫЕ БЛАГОДАРНОСТИ
10_Richard_Benson;Richard Benson;Richard Benson;Richard Benson
10_Alexey_Madalinskiy;Alexey Madalinskiy;Alexey Madalinskiy;Алексей Мадалинский
10_Olga_Zhuravleva;Olga Zhuravleva;Olga Zhuravleva;Ольга Журавлева
10_Nick_OConnell;Nick O`Connell;Nick O`Connell;Nick O`Connell
10_Mikhail_Storcheous;Mikhail Storcheous;Mikhail Storcheous;Михаил Сторчеус
;;;
10_POWERED_BY;POWERED BY;POWERED BY;В ИГРЕ ИСПОЛЬЗУЮТСЯ
;;;
10_DEVELOPING_WITH;DEVELOPING WITH;DEVELOPING WITH;РАЗРАБАТЫВАЕТСЯ С ИСПОЛЬЗОВАНИЕМ
;;;
;;;
11_build;build;build;сборка
11_fps;fps;fps;fps
11_triangles;triangles;triangles;треугольников
11_Copyright;Copyright;Copyright;Copyright
11_Version;Version;Version;Версия
11_Loading;LOADING;LADE;ЗАГРУЗКА
